<?xml version="1.0" encoding="utf-8"?>
<!DOCTYPE Map[]>
<Map srs="+proj=merc +a=6378137 +b=6378137 +lat_ts=0.0 +lon_0=0.0 +x_0=0.0 +y_0=0.0 +k=1.0 +units=m +nadgrids=@null +wktext +no_defs +over" background-color="#fff8f0">

<Parameters>
  <Parameter name="attribution"><![CDATA[<a href='https://www.mapbox.com/about/maps/' target='_blank'>&copy; Mapbox &copy; OpenStreetMap</a> <a class='mapbox-improve-map' href='https://www.mapbox.com/map-feedback/' target='_blank'>Improve this map</a>]]></Parameter>
  <Parameter name="bounds">-180,-85.0511,180,85.0511</Parameter>
  <Parameter name="center">-73.9416,40.7334,14</Parameter>
  <Parameter name="format">png8:m=h</Parameter>
  <Parameter name="maxzoom">22</Parameter>
  <Parameter name="minzoom">0</Parameter>
  <Parameter name="name"><![CDATA[Comic!]]></Parameter>
  <Parameter name="source"><![CDATA[mapbox:///mapbox.mapbox-streets-v6]]></Parameter>
</Parameters>


<Style name="landuse" filter-mode="first">
  <Rule>
    <Filter>([class] = 'pitch')</Filter>
    <LineSymbolizer stroke="#fff8f0" stroke-width="1.2" />
  </Rule>
  <Rule>
    <Filter>([class] = 'school')</Filter>
    <PolygonPatternSymbolizer file="img/halftone_90_medium.png" alignment="global" />
  </Rule>
  <Rule>
    <Filter>([class] = 'industrial')</Filter>
    <PolygonPatternSymbolizer file="img/halftone_90_dark.png" alignment="global" />
  </Rule>
  <Rule>
    <Filter>([class] = 'cemetery')</Filter>
    <PolygonPatternSymbolizer file="img/halftone_40_medium.png" alignment="global" />
  </Rule>
  <Rule>
    <Filter>([class] = 'park')</Filter>
    <PolygonPatternSymbolizer file="img/halftone_40_medium.png" alignment="global" />
  </Rule>
</Style>
<Layer name="landuse"
  srs="+proj=merc +a=6378137 +b=6378137 +lat_ts=0.0 +lon_0=0.0 +x_0=0.0 +y_0=0.0 +k=1.0 +units=m +nadgrids=@null +wktext +no_defs +over">
    <StyleName>landuse</StyleName>  </Layer>

<Layer name="waterway"
  srs="+proj=merc +a=6378137 +b=6378137 +lat_ts=0.0 +lon_0=0.0 +x_0=0.0 +y_0=0.0 +k=1.0 +units=m +nadgrids=@null +wktext +no_defs +over">
      </Layer>

<Style name="water" filter-mode="first">
  <Rule>
    <PolygonSymbolizer fill="#0b486b" gamma="0.4" />
  </Rule>
</Style>
<Layer name="water"
  srs="+proj=merc +a=6378137 +b=6378137 +lat_ts=0.0 +lon_0=0.0 +x_0=0.0 +y_0=0.0 +k=1.0 +units=m +nadgrids=@null +wktext +no_defs +over">
    <StyleName>water</StyleName>  </Layer>

<Style name="aeroway" filter-mode="first">
  <Rule>
    <MaxScaleDenominator>12500</MaxScaleDenominator>
    <Filter>([mapnik::geometry_type] = 2) and ([type] = 'taxiway')</Filter>
    <LinePatternSymbolizer file="img/road_6.png" />
  </Rule>
  <Rule>
    <MaxScaleDenominator>25000</MaxScaleDenominator>
    <MinScaleDenominator>12500</MinScaleDenominator>
    <Filter>([mapnik::geometry_type] = 2) and ([type] = 'taxiway')</Filter>
    <LinePatternSymbolizer file="img/road_4.png" />
  </Rule>
  <Rule>
    <MaxScaleDenominator>50000</MaxScaleDenominator>
    <MinScaleDenominator>25000</MinScaleDenominator>
    <Filter>([mapnik::geometry_type] = 2) and ([type] = 'taxiway')</Filter>
    <LinePatternSymbolizer file="img/road_3.png" />
  </Rule>
  <Rule>
    <MaxScaleDenominator>100000</MaxScaleDenominator>
    <MinScaleDenominator>50000</MinScaleDenominator>
    <Filter>([mapnik::geometry_type] = 2) and ([type] = 'taxiway')</Filter>
    <LinePatternSymbolizer file="img/road_2.png" />
  </Rule>
  <Rule>
    <MaxScaleDenominator>12500</MaxScaleDenominator>
    <Filter>([mapnik::geometry_type] = 2) and ([type] = 'runway')</Filter>
    <LinePatternSymbolizer file="img/road_20.png" />
  </Rule>
  <Rule>
    <MaxScaleDenominator>25000</MaxScaleDenominator>
    <MinScaleDenominator>12500</MinScaleDenominator>
    <Filter>([mapnik::geometry_type] = 2) and ([type] = 'runway')</Filter>
    <LinePatternSymbolizer file="img/road_16.png" />
  </Rule>
  <Rule>
    <MaxScaleDenominator>50000</MaxScaleDenominator>
    <MinScaleDenominator>25000</MinScaleDenominator>
    <Filter>([mapnik::geometry_type] = 2) and ([type] = 'runway')</Filter>
    <LinePatternSymbolizer file="img/road_8.png" />
  </Rule>
  <Rule>
    <MaxScaleDenominator>100000</MaxScaleDenominator>
    <MinScaleDenominator>50000</MinScaleDenominator>
    <Filter>([mapnik::geometry_type] = 2) and ([type] = 'runway')</Filter>
    <LinePatternSymbolizer file="img/road_5.png" />
  </Rule>
  <Rule>
    <MaxScaleDenominator>200000</MaxScaleDenominator>
    <MinScaleDenominator>100000</MinScaleDenominator>
    <Filter>([mapnik::geometry_type] = 2) and ([type] = 'runway')</Filter>
    <LinePatternSymbolizer file="img/road_4.png" />
  </Rule>
</Style>
<Layer name="aeroway"
  srs="+proj=merc +a=6378137 +b=6378137 +lat_ts=0.0 +lon_0=0.0 +x_0=0.0 +y_0=0.0 +k=1.0 +units=m +nadgrids=@null +wktext +no_defs +over">
    <StyleName>aeroway</StyleName>  </Layer>

<Layer name="barrier_line"
  srs="+proj=merc +a=6378137 +b=6378137 +lat_ts=0.0 +lon_0=0.0 +x_0=0.0 +y_0=0.0 +k=1.0 +units=m +nadgrids=@null +wktext +no_defs +over">
      </Layer>

<Style name="building-shadow" filter-mode="first">
  <Rule>
    <MaxScaleDenominator>12500</MaxScaleDenominator>
    <LineSymbolizer stroke="#0b486b" stroke-width="3" stroke-linejoin="round" stroke-linecap="round" clip="false" geometry-transform="translate(0,2)" />
    <PolygonSymbolizer fill="#0b486b" geometry-transform="translate(0,2)" />
    <PolygonSymbolizer fill="#fff8f0" />
  </Rule>
</Style>
<Style name="building-fill" filter-mode="first">
  <Rule>
    <MaxScaleDenominator>100000</MaxScaleDenominator>
    <PolygonPatternSymbolizer file="img/halftone_15_medium.png" alignment="global" clip="false" />
    <LineSymbolizer stroke="#0b486b" stroke-width="1" clip="false" />
  </Rule>
</Style>
<Layer name="building"
  srs="+proj=merc +a=6378137 +b=6378137 +lat_ts=0.0 +lon_0=0.0 +x_0=0.0 +y_0=0.0 +k=1.0 +units=m +nadgrids=@null +wktext +no_defs +over">
    <StyleName>building-fill</StyleName>
    <StyleName>building-shadow</StyleName>  </Layer>

<Layer name="landuse_overlay"
  srs="+proj=merc +a=6378137 +b=6378137 +lat_ts=0.0 +lon_0=0.0 +x_0=0.0 +y_0=0.0 +k=1.0 +units=m +nadgrids=@null +wktext +no_defs +over">
      </Layer>

<Style name="tunnel-fill" filter-mode="first">
  <Rule>
    <MaxScaleDenominator>12500</MaxScaleDenominator>
    <Filter>([class] = 'street_limited') and ([mapnik::geometry_type] = 2)</Filter>
    <LineSymbolizer stroke-width="2.4" stroke="#fff8f0" stroke-linejoin="round" stroke-linecap="round" />
  </Rule>
  <Rule>
    <MaxScaleDenominator>100000</MaxScaleDenominator>
    <MinScaleDenominator>12500</MinScaleDenominator>
    <Filter>([class] = 'street_limited') and ([mapnik::geometry_type] = 2)</Filter>
    <LineSymbolizer stroke="#fff8f0" stroke-linejoin="round" stroke-linecap="round" stroke-width="1.2" />
  </Rule>
  <Rule>
    <MaxScaleDenominator>12500</MaxScaleDenominator>
    <Filter>([class] = 'street') and ([mapnik::geometry_type] = 2)</Filter>
    <LineSymbolizer stroke-width="2.4" stroke="#fff8f0" stroke-linejoin="round" stroke-linecap="round" />
  </Rule>
  <Rule>
    <MaxScaleDenominator>100000</MaxScaleDenominator>
    <MinScaleDenominator>12500</MinScaleDenominator>
    <Filter>([class] = 'street') and ([mapnik::geometry_type] = 2)</Filter>
    <LineSymbolizer stroke="#fff8f0" stroke-linejoin="round" stroke-linecap="round" stroke-width="1.2" />
  </Rule>
  <Rule>
    <MaxScaleDenominator>12500</MaxScaleDenominator>
    <Filter>([class] = 'motorway_link') and ([mapnik::geometry_type] = 2)</Filter>
    <LineSymbolizer stroke-width="3" stroke="#fff8f0" stroke-linejoin="round" stroke-linecap="round" />
  </Rule>
  <Rule>
    <MaxScaleDenominator>100000</MaxScaleDenominator>
    <MinScaleDenominator>12500</MinScaleDenominator>
    <Filter>([class] = 'motorway_link') and ([mapnik::geometry_type] = 2)</Filter>
    <LineSymbolizer stroke-width="1.6" stroke="#fff8f0" stroke-linejoin="round" stroke-linecap="round" />
  </Rule>
  <Rule>
    <MaxScaleDenominator>400000</MaxScaleDenominator>
    <MinScaleDenominator>100000</MinScaleDenominator>
    <Filter>([class] = 'motorway_link') and ([mapnik::geometry_type] = 2)</Filter>
    <LineSymbolizer stroke="#fff8f0" stroke-linejoin="round" stroke-linecap="round" stroke-width="1" />
  </Rule>
  <Rule>
    <MaxScaleDenominator>12500</MaxScaleDenominator>
    <Filter>([class] = 'main') and ([mapnik::geometry_type] = 2)</Filter>
    <LineSymbolizer stroke-width="3" stroke="#fff8f0" stroke-linejoin="round" stroke-linecap="round" />
  </Rule>
  <Rule>
    <MaxScaleDenominator>100000</MaxScaleDenominator>
    <MinScaleDenominator>12500</MinScaleDenominator>
    <Filter>([class] = 'main') and ([mapnik::geometry_type] = 2)</Filter>
    <LineSymbolizer stroke-width="1.6" stroke="#fff8f0" stroke-linejoin="round" stroke-linecap="round" />
  </Rule>
  <Rule>
    <MaxScaleDenominator>400000</MaxScaleDenominator>
    <MinScaleDenominator>100000</MinScaleDenominator>
    <Filter>([class] = 'main') and ([mapnik::geometry_type] = 2)</Filter>
    <LineSymbolizer stroke="#fff8f0" stroke-linejoin="round" stroke-linecap="round" stroke-width="1" />
  </Rule>
  <Rule>
    <MaxScaleDenominator>100000</MaxScaleDenominator>
    <Filter>([class] = 'motorway') and ([mapnik::geometry_type] = 2)</Filter>
    <LineSymbolizer stroke-width="3" stroke="#fff8f0" stroke-linejoin="round" stroke-linecap="round" />
  </Rule>
  <Rule>
    <MaxScaleDenominator>400000</MaxScaleDenominator>
    <MinScaleDenominator>100000</MinScaleDenominator>
    <Filter>([class] = 'motorway') and ([mapnik::geometry_type] = 2)</Filter>
    <LineSymbolizer stroke-width="2" stroke="#fff8f0" stroke-linejoin="round" stroke-linecap="round" />
  </Rule>
  <Rule>
    <MaxScaleDenominator>1500000</MaxScaleDenominator>
    <MinScaleDenominator>400000</MinScaleDenominator>
    <Filter>([class] = 'motorway') and ([mapnik::geometry_type] = 2)</Filter>
    <LineSymbolizer stroke="#fff8f0" stroke-linejoin="round" stroke-linecap="round" stroke-width="1.6" />
  </Rule>
</Style>
<Style name="tunnel-case" filter-mode="first">
  <Rule>
    <MaxScaleDenominator>12500</MaxScaleDenominator>
    <Filter>([class] = 'street_limited') and ([mapnik::geometry_type] = 2)</Filter>
    <LinePatternSymbolizer file="img/road_6.png" />
  </Rule>
  <Rule>
    <MaxScaleDenominator>100000</MaxScaleDenominator>
    <MinScaleDenominator>12500</MinScaleDenominator>
    <Filter>([class] = 'street_limited') and ([mapnik::geometry_type] = 2)</Filter>
    <LinePatternSymbolizer file="img/road_4.png" />
  </Rule>
  <Rule>
    <MaxScaleDenominator>12500</MaxScaleDenominator>
    <Filter>([class] = 'street') and ([mapnik::geometry_type] = 2)</Filter>
    <LinePatternSymbolizer file="img/road_6.png" />
  </Rule>
  <Rule>
    <MaxScaleDenominator>100000</MaxScaleDenominator>
    <MinScaleDenominator>12500</MinScaleDenominator>
    <Filter>([class] = 'street') and ([mapnik::geometry_type] = 2)</Filter>
    <LinePatternSymbolizer file="img/road_4.png" />
  </Rule>
  <Rule>
    <MaxScaleDenominator>12500</MaxScaleDenominator>
    <Filter>([class] = 'motorway_link') and ([mapnik::geometry_type] = 2)</Filter>
    <LinePatternSymbolizer file="img/road_8.png" />
  </Rule>
  <Rule>
    <MaxScaleDenominator>100000</MaxScaleDenominator>
    <MinScaleDenominator>12500</MinScaleDenominator>
    <Filter>([class] = 'motorway_link') and ([mapnik::geometry_type] = 2)</Filter>
    <LinePatternSymbolizer file="img/road_6.png" />
  </Rule>
  <Rule>
    <MaxScaleDenominator>400000</MaxScaleDenominator>
    <MinScaleDenominator>100000</MinScaleDenominator>
    <Filter>([class] = 'motorway_link') and ([mapnik::geometry_type] = 2)</Filter>
    <LinePatternSymbolizer file="img/road_4.png" />
  </Rule>
  <Rule>
    <MaxScaleDenominator>12500</MaxScaleDenominator>
    <Filter>([class] = 'main') and ([mapnik::geometry_type] = 2)</Filter>
    <LinePatternSymbolizer file="img/road_8.png" />
  </Rule>
  <Rule>
    <MaxScaleDenominator>100000</MaxScaleDenominator>
    <MinScaleDenominator>12500</MinScaleDenominator>
    <Filter>([class] = 'main') and ([mapnik::geometry_type] = 2)</Filter>
    <LinePatternSymbolizer file="img/road_6.png" />
  </Rule>
  <Rule>
    <MaxScaleDenominator>400000</MaxScaleDenominator>
    <MinScaleDenominator>100000</MinScaleDenominator>
    <Filter>([class] = 'main') and ([mapnik::geometry_type] = 2)</Filter>
    <LinePatternSymbolizer file="img/road_4.png" />
  </Rule>
  <Rule>
    <MaxScaleDenominator>100000</MaxScaleDenominator>
    <Filter>([class] = 'motorway') and ([mapnik::geometry_type] = 2)</Filter>
    <LinePatternSymbolizer file="img/road_9.png" />
  </Rule>
  <Rule>
    <MaxScaleDenominator>400000</MaxScaleDenominator>
    <MinScaleDenominator>100000</MinScaleDenominator>
    <Filter>([class] = 'motorway') and ([mapnik::geometry_type] = 2)</Filter>
    <LinePatternSymbolizer file="img/road_7.png" />
  </Rule>
  <Rule>
    <MaxScaleDenominator>1500000</MaxScaleDenominator>
    <MinScaleDenominator>400000</MinScaleDenominator>
    <Filter>([class] = 'motorway') and ([mapnik::geometry_type] = 2)</Filter>
    <LinePatternSymbolizer file="img/road_6.png" />
  </Rule>
</Style>
<Layer name="tunnel"
  srs="+proj=merc +a=6378137 +b=6378137 +lat_ts=0.0 +lon_0=0.0 +x_0=0.0 +y_0=0.0 +k=1.0 +units=m +nadgrids=@null +wktext +no_defs +over">
    <StyleName>tunnel-case</StyleName>
    <StyleName>tunnel-fill</StyleName>  </Layer>

<Style name="road-fill" filter-mode="first">
  <Rule>
    <MaxScaleDenominator>12500</MaxScaleDenominator>
    <Filter>([class] = 'street') and ([mapnik::geometry_type] = 2)</Filter>
    <LineSymbolizer stroke-width="2.4" stroke="#fff8f0" stroke-linejoin="round" stroke-linecap="round" />
  </Rule>
  <Rule>
    <MaxScaleDenominator>100000</MaxScaleDenominator>
    <MinScaleDenominator>12500</MinScaleDenominator>
    <Filter>([class] = 'street') and ([mapnik::geometry_type] = 2)</Filter>
    <LineSymbolizer stroke="#fff8f0" stroke-linejoin="round" stroke-linecap="round" stroke-width="1.2" />
  </Rule>
  <Rule>
    <MaxScaleDenominator>12500</MaxScaleDenominator>
    <Filter>([class] = 'street_limited') and ([mapnik::geometry_type] = 2)</Filter>
    <LineSymbolizer stroke-width="2.4" stroke="#fff8f0" stroke-linejoin="round" stroke-linecap="round" />
  </Rule>
  <Rule>
    <MaxScaleDenominator>100000</MaxScaleDenominator>
    <MinScaleDenominator>12500</MinScaleDenominator>
    <Filter>([class] = 'street_limited') and ([mapnik::geometry_type] = 2)</Filter>
    <LineSymbolizer stroke="#fff8f0" stroke-linejoin="round" stroke-linecap="round" stroke-width="1.2" />
  </Rule>
  <Rule>
    <MaxScaleDenominator>12500</MaxScaleDenominator>
    <Filter>([class] = 'motorway_link') and ([mapnik::geometry_type] = 2)</Filter>
    <LineSymbolizer stroke-width="3" stroke="#fff8f0" stroke-linejoin="round" stroke-linecap="round" />
  </Rule>
  <Rule>
    <MaxScaleDenominator>100000</MaxScaleDenominator>
    <MinScaleDenominator>12500</MinScaleDenominator>
    <Filter>([class] = 'motorway_link') and ([mapnik::geometry_type] = 2)</Filter>
    <LineSymbolizer stroke-width="1.6" stroke="#fff8f0" stroke-linejoin="round" stroke-linecap="round" />
  </Rule>
  <Rule>
    <MaxScaleDenominator>400000</MaxScaleDenominator>
    <MinScaleDenominator>100000</MinScaleDenominator>
    <Filter>([class] = 'motorway_link') and ([mapnik::geometry_type] = 2)</Filter>
    <LineSymbolizer stroke="#fff8f0" stroke-linejoin="round" stroke-linecap="round" stroke-width="1" />
  </Rule>
  <Rule>
    <MaxScaleDenominator>12500</MaxScaleDenominator>
    <Filter>([class] = 'main') and ([mapnik::geometry_type] = 2)</Filter>
    <LineSymbolizer stroke-width="3" stroke="#fff8f0" stroke-linejoin="round" stroke-linecap="round" />
  </Rule>
  <Rule>
    <MaxScaleDenominator>100000</MaxScaleDenominator>
    <MinScaleDenominator>12500</MinScaleDenominator>
    <Filter>([class] = 'main') and ([mapnik::geometry_type] = 2)</Filter>
    <LineSymbolizer stroke-width="1.6" stroke="#fff8f0" stroke-linejoin="round" stroke-linecap="round" />
  </Rule>
  <Rule>
    <MaxScaleDenominator>400000</MaxScaleDenominator>
    <MinScaleDenominator>100000</MinScaleDenominator>
    <Filter>([class] = 'main') and ([mapnik::geometry_type] = 2)</Filter>
    <LineSymbolizer stroke="#fff8f0" stroke-linejoin="round" stroke-linecap="round" stroke-width="1" />
  </Rule>
  <Rule>
    <MaxScaleDenominator>100000</MaxScaleDenominator>
    <Filter>([class] = 'motorway') and ([mapnik::geometry_type] = 2)</Filter>
    <LineSymbolizer stroke-width="3" stroke="#fff8f0" stroke-linejoin="round" stroke-linecap="round" />
  </Rule>
  <Rule>
    <MaxScaleDenominator>400000</MaxScaleDenominator>
    <MinScaleDenominator>100000</MinScaleDenominator>
    <Filter>([class] = 'motorway') and ([mapnik::geometry_type] = 2)</Filter>
    <LineSymbolizer stroke-width="2" stroke="#fff8f0" stroke-linejoin="round" stroke-linecap="round" />
  </Rule>
  <Rule>
    <MaxScaleDenominator>1500000</MaxScaleDenominator>
    <MinScaleDenominator>400000</MinScaleDenominator>
    <Filter>([class] = 'motorway') and ([mapnik::geometry_type] = 2)</Filter>
    <LineSymbolizer stroke="#fff8f0" stroke-linejoin="round" stroke-linecap="round" stroke-width="1.6" />
  </Rule>
</Style>
<Style name="road-case" filter-mode="first">
  <Rule>
    <MaxScaleDenominator>12500</MaxScaleDenominator>
    <Filter>([class] = 'street_limited') and ([mapnik::geometry_type] = 2)</Filter>
    <LinePatternSymbolizer file="img/road_6.png" />
  </Rule>
  <Rule>
    <MaxScaleDenominator>100000</MaxScaleDenominator>
    <MinScaleDenominator>12500</MinScaleDenominator>
    <Filter>([class] = 'street_limited') and ([mapnik::geometry_type] = 2)</Filter>
    <LinePatternSymbolizer file="img/road_4.png" />
  </Rule>
  <Rule>
    <MaxScaleDenominator>12500</MaxScaleDenominator>
    <Filter>([class] = 'street') and ([mapnik::geometry_type] = 2)</Filter>
    <LinePatternSymbolizer file="img/road_6.png" />
  </Rule>
  <Rule>
    <MaxScaleDenominator>100000</MaxScaleDenominator>
    <MinScaleDenominator>12500</MinScaleDenominator>
    <Filter>([class] = 'street') and ([mapnik::geometry_type] = 2)</Filter>
    <LinePatternSymbolizer file="img/road_4.png" />
  </Rule>
  <Rule>
    <MaxScaleDenominator>12500</MaxScaleDenominator>
    <Filter>([class] = 'main') and ([mapnik::geometry_type] = 2)</Filter>
    <LinePatternSymbolizer file="img/road_8.png" />
  </Rule>
  <Rule>
    <MaxScaleDenominator>100000</MaxScaleDenominator>
    <MinScaleDenominator>12500</MinScaleDenominator>
    <Filter>([class] = 'main') and ([mapnik::geometry_type] = 2)</Filter>
    <LinePatternSymbolizer file="img/road_6.png" />
  </Rule>
  <Rule>
    <MaxScaleDenominator>400000</MaxScaleDenominator>
    <MinScaleDenominator>100000</MinScaleDenominator>
    <Filter>([class] = 'main') and ([mapnik::geometry_type] = 2)</Filter>
    <LinePatternSymbolizer file="img/road_4.png" />
  </Rule>
  <Rule>
    <MaxScaleDenominator>12500</MaxScaleDenominator>
    <Filter>([class] = 'motorway_link') and ([mapnik::geometry_type] = 2)</Filter>
    <LinePatternSymbolizer file="img/road_8.png" />
  </Rule>
  <Rule>
    <MaxScaleDenominator>100000</MaxScaleDenominator>
    <MinScaleDenominator>12500</MinScaleDenominator>
    <Filter>([class] = 'motorway_link') and ([mapnik::geometry_type] = 2)</Filter>
    <LinePatternSymbolizer file="img/road_6.png" />
  </Rule>
  <Rule>
    <MaxScaleDenominator>400000</MaxScaleDenominator>
    <MinScaleDenominator>100000</MinScaleDenominator>
    <Filter>([class] = 'motorway_link') and ([mapnik::geometry_type] = 2)</Filter>
    <LinePatternSymbolizer file="img/road_4.png" />
  </Rule>
  <Rule>
    <MaxScaleDenominator>100000</MaxScaleDenominator>
    <Filter>([class] = 'motorway') and ([mapnik::geometry_type] = 2)</Filter>
    <LinePatternSymbolizer file="img/road_9.png" />
  </Rule>
  <Rule>
    <MaxScaleDenominator>400000</MaxScaleDenominator>
    <MinScaleDenominator>100000</MinScaleDenominator>
    <Filter>([class] = 'motorway') and ([mapnik::geometry_type] = 2)</Filter>
    <LinePatternSymbolizer file="img/road_7.png" />
  </Rule>
  <Rule>
    <MaxScaleDenominator>1500000</MaxScaleDenominator>
    <MinScaleDenominator>400000</MinScaleDenominator>
    <Filter>([class] = 'motorway') and ([mapnik::geometry_type] = 2)</Filter>
    <LinePatternSymbolizer file="img/road_6.png" />
  </Rule>
</Style>
<Layer name="road"
  srs="+proj=merc +a=6378137 +b=6378137 +lat_ts=0.0 +lon_0=0.0 +x_0=0.0 +y_0=0.0 +k=1.0 +units=m +nadgrids=@null +wktext +no_defs +over">
    <StyleName>road-case</StyleName>
    <StyleName>road-fill</StyleName>  </Layer>

<Style name="bridge-fill" filter-mode="first">
  <Rule>
    <MaxScaleDenominator>12500</MaxScaleDenominator>
    <Filter>([class] = 'street') and ([mapnik::geometry_type] = 2)</Filter>
    <LineSymbolizer stroke-width="2.4" stroke="#fff8f0" stroke-linejoin="round" stroke-linecap="round" />
  </Rule>
  <Rule>
    <MaxScaleDenominator>100000</MaxScaleDenominator>
    <MinScaleDenominator>12500</MinScaleDenominator>
    <Filter>([class] = 'street') and ([mapnik::geometry_type] = 2)</Filter>
    <LineSymbolizer stroke="#fff8f0" stroke-linejoin="round" stroke-linecap="round" stroke-width="1.2" />
  </Rule>
  <Rule>
    <MaxScaleDenominator>12500</MaxScaleDenominator>
    <Filter>([class] = 'street_limited') and ([mapnik::geometry_type] = 2)</Filter>
    <LineSymbolizer stroke-width="2.4" stroke="#fff8f0" stroke-linejoin="round" stroke-linecap="round" />
  </Rule>
  <Rule>
    <MaxScaleDenominator>100000</MaxScaleDenominator>
    <MinScaleDenominator>12500</MinScaleDenominator>
    <Filter>([class] = 'street_limited') and ([mapnik::geometry_type] = 2)</Filter>
    <LineSymbolizer stroke="#fff8f0" stroke-linejoin="round" stroke-linecap="round" stroke-width="1.2" />
  </Rule>
  <Rule>
    <MaxScaleDenominator>12500</MaxScaleDenominator>
    <Filter>([class] = 'motorway_link') and ([mapnik::geometry_type] = 2)</Filter>
    <LineSymbolizer stroke-width="3" stroke-linecap="butt" stroke="#fff8f0" stroke-linejoin="round" />
  </Rule>
  <Rule>
    <MaxScaleDenominator>100000</MaxScaleDenominator>
    <MinScaleDenominator>12500</MinScaleDenominator>
    <Filter>([class] = 'motorway_link') and ([mapnik::geometry_type] = 2)</Filter>
    <LineSymbolizer stroke-width="1.6" stroke-linecap="butt" stroke="#fff8f0" stroke-linejoin="round" />
  </Rule>
  <Rule>
    <MaxScaleDenominator>400000</MaxScaleDenominator>
    <MinScaleDenominator>100000</MinScaleDenominator>
    <Filter>([class] = 'motorway_link') and ([mapnik::geometry_type] = 2)</Filter>
    <LineSymbolizer stroke-linecap="butt" stroke="#fff8f0" stroke-linejoin="round" stroke-width="1" />
  </Rule>
  <Rule>
    <MaxScaleDenominator>12500</MaxScaleDenominator>
    <Filter>([class] = 'main') and ([mapnik::geometry_type] = 2)</Filter>
    <LineSymbolizer stroke-width="3" stroke-linecap="butt" stroke="#fff8f0" stroke-linejoin="round" />
  </Rule>
  <Rule>
    <MaxScaleDenominator>100000</MaxScaleDenominator>
    <MinScaleDenominator>12500</MinScaleDenominator>
    <Filter>([class] = 'main') and ([mapnik::geometry_type] = 2)</Filter>
    <LineSymbolizer stroke-width="1.6" stroke-linecap="butt" stroke="#fff8f0" stroke-linejoin="round" />
  </Rule>
  <Rule>
    <MaxScaleDenominator>400000</MaxScaleDenominator>
    <MinScaleDenominator>100000</MinScaleDenominator>
    <Filter>([class] = 'main') and ([mapnik::geometry_type] = 2)</Filter>
    <LineSymbolizer stroke-linecap="butt" stroke="#fff8f0" stroke-linejoin="round" stroke-width="1" />
  </Rule>
  <Rule>
    <MaxScaleDenominator>100000</MaxScaleDenominator>
    <Filter>([class] = 'motorway') and ([mapnik::geometry_type] = 2)</Filter>
    <LineSymbolizer stroke-width="3" stroke-linecap="butt" stroke="#fff8f0" stroke-linejoin="round" />
  </Rule>
  <Rule>
    <MaxScaleDenominator>400000</MaxScaleDenominator>
    <MinScaleDenominator>100000</MinScaleDenominator>
    <Filter>([class] = 'motorway') and ([mapnik::geometry_type] = 2)</Filter>
    <LineSymbolizer stroke-width="2" stroke-linecap="butt" stroke="#fff8f0" stroke-linejoin="round" />
  </Rule>
  <Rule>
    <MaxScaleDenominator>1500000</MaxScaleDenominator>
    <MinScaleDenominator>400000</MinScaleDenominator>
    <Filter>([class] = 'motorway') and ([mapnik::geometry_type] = 2)</Filter>
    <LineSymbolizer stroke-linecap="butt" stroke="#fff8f0" stroke-linejoin="round" stroke-width="1.6" />
  </Rule>
</Style>
<Style name="bridge-case" filter-mode="first">
  <Rule>
    <MaxScaleDenominator>12500</MaxScaleDenominator>
    <Filter>([class] = 'main') and ([mapnik::geometry_type] = 2)</Filter>
    <LinePatternSymbolizer file="img/road_8.png" />
    <LineSymbolizer stroke-linecap="butt" />
  </Rule>
  <Rule>
    <MaxScaleDenominator>100000</MaxScaleDenominator>
    <MinScaleDenominator>12500</MinScaleDenominator>
    <Filter>([class] = 'main') and ([mapnik::geometry_type] = 2)</Filter>
    <LinePatternSymbolizer file="img/road_6.png" />
    <LineSymbolizer stroke-linecap="butt" />
  </Rule>
  <Rule>
    <MaxScaleDenominator>400000</MaxScaleDenominator>
    <MinScaleDenominator>100000</MinScaleDenominator>
    <Filter>([class] = 'main') and ([mapnik::geometry_type] = 2)</Filter>
    <LinePatternSymbolizer file="img/road_4.png" />
    <LineSymbolizer stroke-linecap="butt" />
  </Rule>
  <Rule>
    <MaxScaleDenominator>12500</MaxScaleDenominator>
    <Filter>([class] = 'motorway_link') and ([mapnik::geometry_type] = 2)</Filter>
    <LinePatternSymbolizer file="img/road_8.png" />
    <LineSymbolizer stroke-linecap="butt" />
  </Rule>
  <Rule>
    <MaxScaleDenominator>100000</MaxScaleDenominator>
    <MinScaleDenominator>12500</MinScaleDenominator>
    <Filter>([class] = 'motorway_link') and ([mapnik::geometry_type] = 2)</Filter>
    <LinePatternSymbolizer file="img/road_6.png" />
    <LineSymbolizer stroke-linecap="butt" />
  </Rule>
  <Rule>
    <MaxScaleDenominator>400000</MaxScaleDenominator>
    <MinScaleDenominator>100000</MinScaleDenominator>
    <Filter>([class] = 'motorway_link') and ([mapnik::geometry_type] = 2)</Filter>
    <LinePatternSymbolizer file="img/road_4.png" />
    <LineSymbolizer stroke-linecap="butt" />
  </Rule>
  <Rule>
    <MaxScaleDenominator>100000</MaxScaleDenominator>
    <Filter>([class] = 'motorway') and ([mapnik::geometry_type] = 2)</Filter>
    <LinePatternSymbolizer file="img/road_9.png" />
    <LineSymbolizer stroke-linecap="butt" />
  </Rule>
  <Rule>
    <MaxScaleDenominator>400000</MaxScaleDenominator>
    <MinScaleDenominator>100000</MinScaleDenominator>
    <Filter>([class] = 'motorway') and ([mapnik::geometry_type] = 2)</Filter>
    <LinePatternSymbolizer file="img/road_7.png" />
    <LineSymbolizer stroke-linecap="butt" />
  </Rule>
  <Rule>
    <MaxScaleDenominator>1500000</MaxScaleDenominator>
    <MinScaleDenominator>400000</MinScaleDenominator>
    <Filter>([class] = 'motorway') and ([mapnik::geometry_type] = 2)</Filter>
    <LinePatternSymbolizer file="img/road_6.png" />
    <LineSymbolizer stroke-linecap="butt" />
  </Rule>
  <Rule>
    <MaxScaleDenominator>12500</MaxScaleDenominator>
    <Filter>([class] = 'street_limited') and ([mapnik::geometry_type] = 2)</Filter>
    <LinePatternSymbolizer file="img/road_6.png" />
  </Rule>
  <Rule>
    <MaxScaleDenominator>100000</MaxScaleDenominator>
    <MinScaleDenominator>12500</MinScaleDenominator>
    <Filter>([class] = 'street_limited') and ([mapnik::geometry_type] = 2)</Filter>
    <LinePatternSymbolizer file="img/road_4.png" />
  </Rule>
  <Rule>
    <MaxScaleDenominator>12500</MaxScaleDenominator>
    <Filter>([class] = 'street') and ([mapnik::geometry_type] = 2)</Filter>
    <LinePatternSymbolizer file="img/road_6.png" />
  </Rule>
  <Rule>
    <MaxScaleDenominator>100000</MaxScaleDenominator>
    <MinScaleDenominator>12500</MinScaleDenominator>
    <Filter>([class] = 'street') and ([mapnik::geometry_type] = 2)</Filter>
    <LinePatternSymbolizer file="img/road_4.png" />
  </Rule>
</Style>
<Layer name="bridge"
  group-by="layer"
  srs="+proj=merc +a=6378137 +b=6378137 +lat_ts=0.0 +lon_0=0.0 +x_0=0.0 +y_0=0.0 +k=1.0 +units=m +nadgrids=@null +wktext +no_defs +over">
    <StyleName>bridge-case</StyleName>
    <StyleName>bridge-fill</StyleName>  </Layer>

<Style name="admin-b" filter-mode="first">
  <Rule>
    <MaxScaleDenominator>1500000</MaxScaleDenominator>
    <Filter>([admin_level] &gt; 2)</Filter>
    <LineSymbolizer stroke-width="3" stroke-dasharray="2, 6" stroke-linejoin="round" stroke-linecap="round" stroke="#0b486b" />
  </Rule>
  <Rule>
    <MaxScaleDenominator>6500000</MaxScaleDenominator>
    <MinScaleDenominator>1500000</MinScaleDenominator>
    <Filter>([admin_level] &gt; 2)</Filter>
    <LineSymbolizer stroke-width="2" stroke-dasharray="2, 5" stroke-linejoin="round" stroke-linecap="round" stroke="#0b486b" />
  </Rule>
  <Rule>
    <MaxScaleDenominator>25000000</MaxScaleDenominator>
    <MinScaleDenominator>6500000</MinScaleDenominator>
    <Filter>([admin_level] &gt; 2)</Filter>
    <LineSymbolizer stroke-width="1" stroke-dasharray="2, 4" stroke-linejoin="round" stroke-linecap="round" stroke="#0b486b" />
  </Rule>
  <Rule>
    <MinScaleDenominator>25000000</MinScaleDenominator>
    <Filter>([admin_level] &gt; 2)</Filter>
    <LineSymbolizer stroke-width="0" stroke-linejoin="round" stroke-linecap="round" stroke="#0b486b" />
  </Rule>
  <Rule>
    <MaxScaleDenominator>3000000</MaxScaleDenominator>
    <Filter>([admin_level] = 2) and ([disputed] = 1)</Filter>
    <LineSymbolizer stroke-dasharray="1, 4" stroke-width="4" stroke-linejoin="round" stroke-linecap="round" stroke="#0b486b" />
  </Rule>
  <Rule>
    <MaxScaleDenominator>12500000</MaxScaleDenominator>
    <MinScaleDenominator>3000000</MinScaleDenominator>
    <Filter>([admin_level] = 2) and ([disputed] = 1)</Filter>
    <LineSymbolizer stroke-dasharray="1, 4" stroke-width="2" stroke-linejoin="round" stroke-linecap="round" stroke="#0b486b" />
  </Rule>
  <Rule>
    <MinScaleDenominator>12500000</MinScaleDenominator>
    <Filter>([admin_level] = 2) and ([disputed] = 1)</Filter>
    <LineSymbolizer stroke-dasharray="1, 4" stroke-width="1.4" stroke-linejoin="round" stroke-linecap="round" stroke="#0b486b" />
  </Rule>
  <Rule>
    <MaxScaleDenominator>3000000</MaxScaleDenominator>
    <Filter>([admin_level] = 2)</Filter>
    <LineSymbolizer stroke-width="4" stroke-linejoin="round" stroke-linecap="round" stroke="#0b486b" />
  </Rule>
  <Rule>
    <MaxScaleDenominator>12500000</MaxScaleDenominator>
    <MinScaleDenominator>3000000</MinScaleDenominator>
    <Filter>([admin_level] = 2)</Filter>
    <LineSymbolizer stroke-width="2" stroke-linejoin="round" stroke-linecap="round" stroke="#0b486b" />
  </Rule>
  <Rule>
    <MinScaleDenominator>12500000</MinScaleDenominator>
    <Filter>([admin_level] = 2)</Filter>
    <LineSymbolizer stroke-width="1.4" stroke-linejoin="round" stroke-linecap="round" stroke="#0b486b" />
  </Rule>
  <Rule>
    <LineSymbolizer stroke-linejoin="round" stroke-linecap="round" stroke="#0b486b" />
  </Rule>
</Style>
<Style name="admin-a" filter-mode="first">
  <Rule>
    <MaxScaleDenominator>3000000</MaxScaleDenominator>
    <Filter>([maritime] = 0) and ([admin_level] = 2)</Filter>
    <LineSymbolizer stroke-width="10" stroke-linejoin="round" stroke-linecap="round" stroke="#fff8f0" />
  </Rule>
  <Rule>
    <MaxScaleDenominator>12500000</MaxScaleDenominator>
    <MinScaleDenominator>3000000</MinScaleDenominator>
    <Filter>([maritime] = 0) and ([admin_level] = 2)</Filter>
    <LineSymbolizer stroke-width="8" stroke-linejoin="round" stroke-linecap="round" stroke="#fff8f0" />
  </Rule>
  <Rule>
    <MinScaleDenominator>12500000</MinScaleDenominator>
    <Filter>([maritime] = 0) and ([admin_level] = 2)</Filter>
    <LineSymbolizer stroke-linejoin="round" stroke-linecap="round" stroke="#fff8f0" stroke-width="7.4" />
  </Rule>
</Style>
<Layer name="admin"
  srs="+proj=merc +a=6378137 +b=6378137 +lat_ts=0.0 +lon_0=0.0 +x_0=0.0 +y_0=0.0 +k=1.0 +units=m +nadgrids=@null +wktext +no_defs +over">
    <StyleName>admin-a</StyleName>
    <StyleName>admin-b</StyleName>  </Layer>

<Style name="country_label" filter-mode="first">
  <Rule>
    <MaxScaleDenominator>6500000</MaxScaleDenominator>
    <Filter>([scalerank] &gt; 3)</Filter>
    <TextSymbolizer size="28" text-transform="uppercase" face-name="Komika Title Regular" wrap-width="100" wrap-before="true" fill="#79bd9a" halo-fill="#0b486b" halo-radius="3" line-spacing="-10" ><![CDATA[[name_en] + '!']]></TextSymbolizer>
  </Rule>
  <Rule>
    <MaxScaleDenominator>12500000</MaxScaleDenominator>
    <MinScaleDenominator>6500000</MinScaleDenominator>
    <Filter>([scalerank] &gt; 3)</Filter>
    <TextSymbolizer size="20" text-transform="uppercase" face-name="Komika Title Regular" wrap-width="100" wrap-before="true" fill="#79bd9a" halo-fill="#0b486b" halo-radius="3" line-spacing="-10" ><![CDATA[[name_en] + '!']]></TextSymbolizer>
  </Rule>
  <Rule>
    <MaxScaleDenominator>100000000</MaxScaleDenominator>
    <MinScaleDenominator>12500000</MinScaleDenominator>
    <Filter>([scalerank] &gt; 3)</Filter>
    <TextSymbolizer text-transform="uppercase" face-name="Komika Title Regular" wrap-width="100" wrap-before="true" fill="#79bd9a" size="16" halo-fill="#0b486b" halo-radius="3" line-spacing="-10" ><![CDATA[[name_en] + '!']]></TextSymbolizer>
  </Rule>
  <Rule>
    <MaxScaleDenominator>12500000</MaxScaleDenominator>
    <Filter>([scalerank] = 3)</Filter>
    <TextSymbolizer size="28" text-transform="uppercase" face-name="Komika Title Regular" wrap-width="100" wrap-before="true" fill="#79bd9a" halo-fill="#0b486b" halo-radius="3" line-spacing="-10" ><![CDATA[[name_en] + '!']]></TextSymbolizer>
  </Rule>
  <Rule>
    <MaxScaleDenominator>25000000</MaxScaleDenominator>
    <MinScaleDenominator>12500000</MinScaleDenominator>
    <Filter>([scalerank] = 3)</Filter>
    <TextSymbolizer size="20" text-transform="uppercase" face-name="Komika Title Regular" wrap-width="100" wrap-before="true" fill="#79bd9a" halo-fill="#0b486b" halo-radius="3" line-spacing="-10" ><![CDATA[[name_en] + '!']]></TextSymbolizer>
  </Rule>
  <Rule>
    <MaxScaleDenominator>100000000</MaxScaleDenominator>
    <MinScaleDenominator>25000000</MinScaleDenominator>
    <Filter>([scalerank] = 3)</Filter>
    <TextSymbolizer text-transform="uppercase" face-name="Komika Title Regular" wrap-width="100" wrap-before="true" fill="#79bd9a" size="16" halo-fill="#0b486b" halo-radius="3" line-spacing="-10" ><![CDATA[[name_en] + '!']]></TextSymbolizer>
  </Rule>
  <Rule>
    <MaxScaleDenominator>25000000</MaxScaleDenominator>
    <Filter>([scalerank] = 2)</Filter>
    <TextSymbolizer size="28" text-transform="uppercase" face-name="Komika Title Regular" wrap-width="100" wrap-before="true" fill="#79bd9a" halo-fill="#0b486b" halo-radius="3" line-spacing="-10" ><![CDATA[[name_en] + '!']]></TextSymbolizer>
  </Rule>
  <Rule>
    <MaxScaleDenominator>50000000</MaxScaleDenominator>
    <MinScaleDenominator>25000000</MinScaleDenominator>
    <Filter>([scalerank] = 2)</Filter>
    <TextSymbolizer size="20" text-transform="uppercase" face-name="Komika Title Regular" wrap-width="100" wrap-before="true" fill="#79bd9a" halo-fill="#0b486b" halo-radius="3" line-spacing="-10" ><![CDATA[[name_en] + '!']]></TextSymbolizer>
  </Rule>
  <Rule>
    <MaxScaleDenominator>100000000</MaxScaleDenominator>
    <MinScaleDenominator>50000000</MinScaleDenominator>
    <Filter>([scalerank] = 2)</Filter>
    <TextSymbolizer text-transform="uppercase" face-name="Komika Title Regular" wrap-width="100" wrap-before="true" fill="#79bd9a" size="16" halo-fill="#0b486b" halo-radius="3" line-spacing="-10" ><![CDATA[[name_en] + '!']]></TextSymbolizer>
  </Rule>
  <Rule>
    <MaxScaleDenominator>50000000</MaxScaleDenominator>
    <Filter>([scalerank] = 1)</Filter>
    <TextSymbolizer size="28" text-transform="uppercase" face-name="Komika Title Regular" wrap-width="100" wrap-before="true" fill="#79bd9a" halo-fill="#0b486b" halo-radius="3" line-spacing="-10" ><![CDATA[[name_en] + '!']]></TextSymbolizer>
  </Rule>
  <Rule>
    <MaxScaleDenominator>100000000</MaxScaleDenominator>
    <MinScaleDenominator>50000000</MinScaleDenominator>
    <Filter>([scalerank] = 1)</Filter>
    <TextSymbolizer size="20" text-transform="uppercase" face-name="Komika Title Regular" wrap-width="100" wrap-before="true" fill="#79bd9a" halo-fill="#0b486b" halo-radius="3" line-spacing="-10" ><![CDATA[[name_en] + '!']]></TextSymbolizer>
  </Rule>
  <Rule>
    <MaxScaleDenominator>100000000</MaxScaleDenominator>
    <TextSymbolizer text-transform="uppercase" face-name="Komika Title Regular" wrap-width="100" wrap-before="true" fill="#79bd9a" size="16" halo-fill="#0b486b" halo-radius="3" line-spacing="-10" ><![CDATA[[name_en] + '!']]></TextSymbolizer>
  </Rule>
</Style>
<Layer name="country_label"
  srs="+proj=merc +a=6378137 +b=6378137 +lat_ts=0.0 +lon_0=0.0 +x_0=0.0 +y_0=0.0 +k=1.0 +units=m +nadgrids=@null +wktext +no_defs +over">
    <StyleName>country_label</StyleName>  </Layer>

<Layer name="marine_label"
  srs="+proj=merc +a=6378137 +b=6378137 +lat_ts=0.0 +lon_0=0.0 +x_0=0.0 +y_0=0.0 +k=1.0 +units=m +nadgrids=@null +wktext +no_defs +over">
      </Layer>

<Layer name="state_label"
  srs="+proj=merc +a=6378137 +b=6378137 +lat_ts=0.0 +lon_0=0.0 +x_0=0.0 +y_0=0.0 +k=1.0 +units=m +nadgrids=@null +wktext +no_defs +over">
      </Layer>

<Style name="place_label" filter-mode="first">
  <Rule>
    <MaxScaleDenominator>200000</MaxScaleDenominator>
    <Filter>([type] = 'town') and ([localrank] = 1)</Filter>
    <TextSymbolizer size="20" face-name="Komika Title Regular" fill="#0b486b" wrap-width="100" wrap-before="true" halo-fill="#fff8f0" halo-radius="3" line-spacing="-6" text-transform="uppercase" ><![CDATA[[name_en]]]></TextSymbolizer>
  </Rule>
  <Rule>
    <MaxScaleDenominator>750000</MaxScaleDenominator>
    <MinScaleDenominator>200000</MinScaleDenominator>
    <Filter>([type] = 'town') and ([localrank] = 1)</Filter>
    <TextSymbolizer size="16" face-name="Komika Title Regular" fill="#0b486b" wrap-width="100" wrap-before="true" halo-fill="#fff8f0" halo-radius="3" line-spacing="-6" text-transform="uppercase" ><![CDATA[[name_en]]]></TextSymbolizer>
  </Rule>
  <Rule>
    <MaxScaleDenominator>3000000</MaxScaleDenominator>
    <MinScaleDenominator>750000</MinScaleDenominator>
    <Filter>([type] = 'town') and ([localrank] = 1)</Filter>
    <TextSymbolizer size="14" face-name="Komika Title Regular" fill="#0b486b" wrap-width="100" wrap-before="true" halo-fill="#fff8f0" halo-radius="3" line-spacing="-6" text-transform="uppercase" ><![CDATA[[name_en]]]></TextSymbolizer>
  </Rule>
  <Rule>
    <MinScaleDenominator>3000000</MinScaleDenominator>
    <Filter>([type] = 'town') and ([localrank] = 1)</Filter>
    <TextSymbolizer size="0" face-name="Komika Title Regular" fill="#0b486b" wrap-width="100" wrap-before="true" halo-fill="#fff8f0" halo-radius="3" line-spacing="-6" text-transform="uppercase" ><![CDATA[[name_en]]]></TextSymbolizer>
  </Rule>
  <Rule>
    <MaxScaleDenominator>200000</MaxScaleDenominator>
    <Filter>([type] = 'city') and ([localrank] = 1)</Filter>
    <TextSymbolizer size="24" face-name="Komika Hand Bold" wrap-width="150" fill="#0b486b" wrap-before="true" halo-fill="#fff8f0" halo-radius="3" line-spacing="-6" text-transform="uppercase" ><![CDATA[[name_en] + '!']]></TextSymbolizer>
  </Rule>
  <Rule>
    <MaxScaleDenominator>750000</MaxScaleDenominator>
    <MinScaleDenominator>200000</MinScaleDenominator>
    <Filter>([type] = 'city') and ([localrank] = 1)</Filter>
    <TextSymbolizer size="18" face-name="Komika Hand Bold" wrap-width="150" fill="#0b486b" wrap-before="true" halo-fill="#fff8f0" halo-radius="3" line-spacing="-6" text-transform="uppercase" ><![CDATA[[name_en] + '!']]></TextSymbolizer>
  </Rule>
  <Rule>
    <MaxScaleDenominator>25000000</MaxScaleDenominator>
    <MinScaleDenominator>750000</MinScaleDenominator>
    <Filter>([type] = 'city') and ([localrank] = 1)</Filter>
    <TextSymbolizer size="18" face-name="Komika Hand Bold" wrap-width="150" fill="#0b486b" wrap-before="true" halo-fill="#fff8f0" halo-radius="3" line-spacing="-6" text-transform="uppercase" ><![CDATA[[name_en] + '!']]></TextSymbolizer>
  </Rule>
  <Rule>
    <MinScaleDenominator>25000000</MinScaleDenominator>
    <Filter>([type] = 'city') and ([localrank] = 1)</Filter>
    <TextSymbolizer size="0" face-name="Komika Title Regular" fill="#0b486b" wrap-width="100" wrap-before="true" halo-fill="#fff8f0" halo-radius="3" line-spacing="-6" text-transform="uppercase" ><![CDATA[[name_en]]]></TextSymbolizer>
  </Rule>
  <Rule>
    <MaxScaleDenominator>50000</MaxScaleDenominator>
    <Filter>([type] = 'village') and ([localrank] = 1)</Filter>
    <TextSymbolizer size="18" face-name="Komika Title Regular" fill="#0b486b" wrap-width="100" wrap-before="true" halo-fill="#fff8f0" halo-radius="3" line-spacing="-6" text-transform="uppercase" ><![CDATA[[name_en]]]></TextSymbolizer>
  </Rule>
  <Rule>
    <MaxScaleDenominator>200000</MaxScaleDenominator>
    <MinScaleDenominator>50000</MinScaleDenominator>
    <Filter>([type] = 'village') and ([localrank] = 1)</Filter>
    <TextSymbolizer size="14" face-name="Komika Title Regular" fill="#0b486b" wrap-width="100" wrap-before="true" halo-fill="#fff8f0" halo-radius="3" line-spacing="-6" text-transform="uppercase" ><![CDATA[[name_en]]]></TextSymbolizer>
  </Rule>
  <Rule>
    <MinScaleDenominator>200000</MinScaleDenominator>
    <Filter>([type] = 'village') and ([localrank] = 1)</Filter>
    <TextSymbolizer size="12" face-name="Komika Title Regular" fill="#0b486b" wrap-width="100" wrap-before="true" halo-fill="#fff8f0" halo-radius="3" line-spacing="-6" text-transform="uppercase" ><![CDATA[[name_en]]]></TextSymbolizer>
  </Rule>
  <Rule>
    <MaxScaleDenominator>12500</MaxScaleDenominator>
    <Filter>([type] = 'hamlet')</Filter>
    <TextSymbolizer size="16" face-name="Komika Title Regular" fill="#0b486b" wrap-width="100" wrap-before="true" halo-fill="#fff8f0" halo-radius="3" line-spacing="-6" text-transform="uppercase" ><![CDATA[[name_en]]]></TextSymbolizer>
  </Rule>
  <Rule>
    <MaxScaleDenominator>50000</MaxScaleDenominator>
    <MinScaleDenominator>12500</MinScaleDenominator>
    <Filter>([type] = 'hamlet')</Filter>
    <TextSymbolizer size="14" face-name="Komika Title Regular" fill="#0b486b" wrap-width="100" wrap-before="true" halo-fill="#fff8f0" halo-radius="3" line-spacing="-6" text-transform="uppercase" ><![CDATA[[name_en]]]></TextSymbolizer>
  </Rule>
  <Rule>
    <MinScaleDenominator>50000</MinScaleDenominator>
    <Filter>([type] = 'hamlet')</Filter>
    <TextSymbolizer size="0" face-name="Komika Title Regular" fill="#0b486b" wrap-width="100" wrap-before="true" halo-fill="#fff8f0" halo-radius="3" line-spacing="-6" text-transform="uppercase" ><![CDATA[[name_en]]]></TextSymbolizer>
  </Rule>
  <Rule>
    <MaxScaleDenominator>12500</MaxScaleDenominator>
    <Filter>([type] = 'suburb')</Filter>
    <TextSymbolizer size="16" face-name="Komika Title Regular" fill="#0b486b" wrap-width="100" wrap-before="true" halo-fill="#fff8f0" halo-radius="3" line-spacing="-6" text-transform="uppercase" ><![CDATA[[name_en]]]></TextSymbolizer>
  </Rule>
  <Rule>
    <MaxScaleDenominator>50000</MaxScaleDenominator>
    <MinScaleDenominator>12500</MinScaleDenominator>
    <Filter>([type] = 'suburb')</Filter>
    <TextSymbolizer size="14" face-name="Komika Title Regular" fill="#0b486b" wrap-width="100" wrap-before="true" halo-fill="#fff8f0" halo-radius="3" line-spacing="-6" text-transform="uppercase" ><![CDATA[[name_en]]]></TextSymbolizer>
  </Rule>
  <Rule>
    <MinScaleDenominator>50000</MinScaleDenominator>
    <Filter>([type] = 'suburb')</Filter>
    <TextSymbolizer size="0" face-name="Komika Title Regular" fill="#0b486b" wrap-width="100" wrap-before="true" halo-fill="#fff8f0" halo-radius="3" line-spacing="-6" text-transform="uppercase" ><![CDATA[[name_en]]]></TextSymbolizer>
  </Rule>
  <Rule>
    <TextSymbolizer size="0" face-name="Komika Title Regular" fill="#0b486b" wrap-width="100" wrap-before="true" halo-fill="#fff8f0" halo-radius="3" line-spacing="-6" text-transform="uppercase" ><![CDATA[[name_en]]]></TextSymbolizer>
  </Rule>
</Style>
<Layer name="place_label"
  srs="+proj=merc +a=6378137 +b=6378137 +lat_ts=0.0 +lon_0=0.0 +x_0=0.0 +y_0=0.0 +k=1.0 +units=m +nadgrids=@null +wktext +no_defs +over">
    <StyleName>place_label</StyleName>  </Layer>

<Style name="water_label" filter-mode="first">
  <Rule>
    <MaxScaleDenominator>50000</MaxScaleDenominator>
    <Filter>([area] &gt; 500000)</Filter>
    <TextSymbolizer face-name="Komika Title Regular" fill="#fff8f0" size="12" wrap-width="160" wrap-before="true" line-spacing="-4" halo-fill="#0b486b" halo-radius="2" ><![CDATA[[name_en]]]></TextSymbolizer>
  </Rule>
  <Rule>
    <MinScaleDenominator>50000</MinScaleDenominator>
    <Filter>([area] &gt; 500000)</Filter>
    <TextSymbolizer face-name="Komika Title Regular" fill="#fff8f0" size="12" wrap-width="160" wrap-before="true" line-spacing="-4" halo-fill="#0b486b" halo-radius="2" ><![CDATA[[name_en]]]></TextSymbolizer>
  </Rule>
  <Rule>
    <MaxScaleDenominator>12500</MaxScaleDenominator>
    <Filter>([area] &gt; 10000)</Filter>
    <TextSymbolizer face-name="Komika Title Regular" fill="#fff8f0" size="12" wrap-width="160" wrap-before="true" line-spacing="-4" halo-fill="#0b486b" halo-radius="2" ><![CDATA[[name_en]]]></TextSymbolizer>
  </Rule>
  <Rule>
    <MinScaleDenominator>50000</MinScaleDenominator>
    <Filter>([area] &gt; 10000)</Filter>
    <TextSymbolizer face-name="Komika Title Regular" fill="#fff8f0" size="12" wrap-width="160" wrap-before="true" line-spacing="-4" halo-fill="#0b486b" halo-radius="2" ><![CDATA[[name_en]]]></TextSymbolizer>
  </Rule>
  <Rule>
    <MaxScaleDenominator>5000</MaxScaleDenominator>
    <TextSymbolizer face-name="Komika Title Regular" fill="#fff8f0" size="12" wrap-width="160" wrap-before="true" line-spacing="-4" halo-fill="#0b486b" halo-radius="2" ><![CDATA[[name_en]]]></TextSymbolizer>
  </Rule>
  <Rule>
    <MinScaleDenominator>50000</MinScaleDenominator>
    <TextSymbolizer face-name="Komika Title Regular" fill="#fff8f0" size="12" wrap-width="160" wrap-before="true" line-spacing="-4" halo-fill="#0b486b" halo-radius="2" ><![CDATA[[name_en]]]></TextSymbolizer>
  </Rule>
</Style>
<Layer name="water_label"
  srs="+proj=merc +a=6378137 +b=6378137 +lat_ts=0.0 +lon_0=0.0 +x_0=0.0 +y_0=0.0 +k=1.0 +units=m +nadgrids=@null +wktext +no_defs +over">
    <StyleName>water_label</StyleName>  </Layer>

<Style name="poi_label" filter-mode="first">
  <Rule>
    <MaxScaleDenominator>50000</MaxScaleDenominator>
    <Filter>([type] != 'Aerodrome') and ([type] != 'Rail Station') and ([scalerank] = 1) and ([localrank] &lt;= 1) and ([maki] = 'cemetery')</Filter>
    <TextSymbolizer fill="#fff8f0" halo-fill="#79bd9a" face-name="Komika Hand Italic" size="13" wrap-width="100" wrap-before="true" halo-radius="2" line-spacing="-5" ><![CDATA[[name_en]]]></TextSymbolizer>
  </Rule>
  <Rule>
    <MaxScaleDenominator>6500000</MaxScaleDenominator>
    <MinScaleDenominator>50000</MinScaleDenominator>
    <Filter>([type] != 'Aerodrome') and ([type] != 'Rail Station') and ([scalerank] = 1) and ([localrank] &lt;= 1) and ([maki] = 'cemetery')</Filter>
    <TextSymbolizer fill="#fff8f0" halo-fill="#79bd9a" face-name="Komika Hand Italic" size="13" wrap-width="100" wrap-before="true" halo-radius="2" line-spacing="-5" ><![CDATA[[name_en]]]></TextSymbolizer>
  </Rule>
  <Rule>
    <MaxScaleDenominator>25000</MaxScaleDenominator>
    <Filter>([type] != 'Aerodrome') and ([type] != 'Rail Station') and ([localrank] &lt;= 1) and ([maki] = 'zoo') and ([scalerank] = 1)</Filter>
    <TextSymbolizer fill="#fff8f0" halo-fill="#79bd9a" face-name="Komika Hand Italic" size="13" wrap-width="100" wrap-before="true" halo-radius="2" line-spacing="-5" ><![CDATA[[name_en]]]></TextSymbolizer>
  </Rule>
  <Rule>
    <MaxScaleDenominator>50000</MaxScaleDenominator>
    <MinScaleDenominator>25000</MinScaleDenominator>
    <Filter>([type] != 'Aerodrome') and ([type] != 'Rail Station') and ([localrank] &lt;= 1) and ([maki] = 'zoo') and ([scalerank] = 1)</Filter>
    <TextSymbolizer fill="#fff8f0" halo-fill="#79bd9a" face-name="Komika Hand Italic" size="13" wrap-width="100" wrap-before="true" halo-radius="2" line-spacing="-5" ><![CDATA[[name_en]]]></TextSymbolizer>
  </Rule>
  <Rule>
    <MaxScaleDenominator>6500000</MaxScaleDenominator>
    <MinScaleDenominator>50000</MinScaleDenominator>
    <Filter>([type] != 'Aerodrome') and ([type] != 'Rail Station') and ([localrank] &lt;= 1) and ([maki] = 'zoo') and ([scalerank] = 1)</Filter>
    <TextSymbolizer fill="#fff8f0" halo-fill="#79bd9a" face-name="Komika Hand Italic" size="13" wrap-width="100" wrap-before="true" halo-radius="2" line-spacing="-5" ><![CDATA[[name_en]]]></TextSymbolizer>
  </Rule>
  <Rule>
    <MaxScaleDenominator>25000</MaxScaleDenominator>
    <Filter>([type] != 'Aerodrome') and ([type] != 'Rail Station') and ([scalerank] &lt;= 2) and ([localrank] &lt;= 1) and ([maki] = 'zoo')</Filter>
    <TextSymbolizer fill="#fff8f0" halo-fill="#79bd9a" face-name="Komika Hand Italic" size="13" wrap-width="100" wrap-before="true" halo-radius="2" line-spacing="-5" ><![CDATA[[name_en]]]></TextSymbolizer>
  </Rule>
  <Rule>
    <MaxScaleDenominator>6500000</MaxScaleDenominator>
    <MinScaleDenominator>50000</MinScaleDenominator>
    <Filter>([type] != 'Aerodrome') and ([type] != 'Rail Station') and ([scalerank] &lt;= 2) and ([localrank] &lt;= 1) and ([maki] = 'zoo')</Filter>
    <TextSymbolizer fill="#fff8f0" halo-fill="#79bd9a" face-name="Komika Hand Italic" size="13" wrap-width="100" wrap-before="true" halo-radius="2" line-spacing="-5" ><![CDATA[[name_en]]]></TextSymbolizer>
  </Rule>
  <Rule>
    <MaxScaleDenominator>25000</MaxScaleDenominator>
    <Filter>([type] != 'Aerodrome') and ([type] != 'Rail Station') and ([localrank] &lt;= 1) and ([maki] = 'golf') and ([scalerank] = 1)</Filter>
    <TextSymbolizer fill="#fff8f0" halo-fill="#79bd9a" face-name="Komika Hand Italic" size="13" wrap-width="100" wrap-before="true" halo-radius="2" line-spacing="-5" ><![CDATA[[name_en]]]></TextSymbolizer>
  </Rule>
  <Rule>
    <MaxScaleDenominator>50000</MaxScaleDenominator>
    <MinScaleDenominator>25000</MinScaleDenominator>
    <Filter>([type] != 'Aerodrome') and ([type] != 'Rail Station') and ([localrank] &lt;= 1) and ([maki] = 'golf') and ([scalerank] = 1)</Filter>
    <TextSymbolizer fill="#fff8f0" halo-fill="#79bd9a" face-name="Komika Hand Italic" size="13" wrap-width="100" wrap-before="true" halo-radius="2" line-spacing="-5" ><![CDATA[[name_en]]]></TextSymbolizer>
  </Rule>
  <Rule>
    <MaxScaleDenominator>6500000</MaxScaleDenominator>
    <MinScaleDenominator>50000</MinScaleDenominator>
    <Filter>([type] != 'Aerodrome') and ([type] != 'Rail Station') and ([localrank] &lt;= 1) and ([maki] = 'golf') and ([scalerank] = 1)</Filter>
    <TextSymbolizer fill="#fff8f0" halo-fill="#79bd9a" face-name="Komika Hand Italic" size="13" wrap-width="100" wrap-before="true" halo-radius="2" line-spacing="-5" ><![CDATA[[name_en]]]></TextSymbolizer>
  </Rule>
  <Rule>
    <MaxScaleDenominator>25000</MaxScaleDenominator>
    <Filter>([type] != 'Aerodrome') and ([type] != 'Rail Station') and ([scalerank] &lt;= 2) and ([localrank] &lt;= 1) and ([maki] = 'golf')</Filter>
    <TextSymbolizer fill="#fff8f0" halo-fill="#79bd9a" face-name="Komika Hand Italic" size="13" wrap-width="100" wrap-before="true" halo-radius="2" line-spacing="-5" ><![CDATA[[name_en]]]></TextSymbolizer>
  </Rule>
  <Rule>
    <MaxScaleDenominator>6500000</MaxScaleDenominator>
    <MinScaleDenominator>50000</MinScaleDenominator>
    <Filter>([type] != 'Aerodrome') and ([type] != 'Rail Station') and ([scalerank] &lt;= 2) and ([localrank] &lt;= 1) and ([maki] = 'golf')</Filter>
    <TextSymbolizer fill="#fff8f0" halo-fill="#79bd9a" face-name="Komika Hand Italic" size="13" wrap-width="100" wrap-before="true" halo-radius="2" line-spacing="-5" ><![CDATA[[name_en]]]></TextSymbolizer>
  </Rule>
  <Rule>
    <MaxScaleDenominator>12500</MaxScaleDenominator>
    <Filter>([type] != 'Aerodrome') and ([type] != 'Rail Station') and ([localrank] &lt;= 1) and ([maki] = 'cemetery') and ([scalerank] &lt;= 2)</Filter>
    <TextSymbolizer fill="#fff8f0" halo-fill="#79bd9a" face-name="Komika Hand Italic" size="13" wrap-width="100" wrap-before="true" halo-radius="2" line-spacing="-5" ><![CDATA[[name_en]]]></TextSymbolizer>
  </Rule>
  <Rule>
    <MaxScaleDenominator>25000</MaxScaleDenominator>
    <MinScaleDenominator>12500</MinScaleDenominator>
    <Filter>([type] != 'Aerodrome') and ([type] != 'Rail Station') and ([localrank] &lt;= 1) and ([maki] = 'cemetery') and ([scalerank] &lt;= 2)</Filter>
    <TextSymbolizer fill="#fff8f0" halo-fill="#79bd9a" face-name="Komika Hand Italic" size="13" wrap-width="100" wrap-before="true" halo-radius="2" line-spacing="-5" ><![CDATA[[name_en]]]></TextSymbolizer>
  </Rule>
  <Rule>
    <MaxScaleDenominator>6500000</MaxScaleDenominator>
    <MinScaleDenominator>50000</MinScaleDenominator>
    <Filter>([type] != 'Aerodrome') and ([type] != 'Rail Station') and ([localrank] &lt;= 1) and ([maki] = 'cemetery') and ([scalerank] &lt;= 2)</Filter>
    <TextSymbolizer fill="#fff8f0" halo-fill="#79bd9a" face-name="Komika Hand Italic" size="13" wrap-width="100" wrap-before="true" halo-radius="2" line-spacing="-5" ><![CDATA[[name_en]]]></TextSymbolizer>
  </Rule>
  <Rule>
    <MaxScaleDenominator>12500</MaxScaleDenominator>
    <Filter>([type] != 'Aerodrome') and ([type] != 'Rail Station') and ([scalerank] &lt;= 3) and ([localrank] &lt;= 1) and ([maki] = 'cemetery')</Filter>
    <TextSymbolizer fill="#fff8f0" halo-fill="#79bd9a" face-name="Komika Hand Italic" size="13" wrap-width="100" wrap-before="true" halo-radius="2" line-spacing="-5" ><![CDATA[[name_en]]]></TextSymbolizer>
  </Rule>
  <Rule>
    <MaxScaleDenominator>6500000</MaxScaleDenominator>
    <MinScaleDenominator>50000</MinScaleDenominator>
    <Filter>([type] != 'Aerodrome') and ([type] != 'Rail Station') and ([scalerank] &lt;= 3) and ([localrank] &lt;= 1) and ([maki] = 'cemetery')</Filter>
    <TextSymbolizer fill="#fff8f0" halo-fill="#79bd9a" face-name="Komika Hand Italic" size="13" wrap-width="100" wrap-before="true" halo-radius="2" line-spacing="-5" ><![CDATA[[name_en]]]></TextSymbolizer>
  </Rule>
  <Rule>
    <MaxScaleDenominator>12500</MaxScaleDenominator>
    <Filter>([type] != 'Aerodrome') and ([type] != 'Rail Station') and ([scalerank] &lt;= 3) and ([localrank] &lt;= 1) and ([maki] = 'golf')</Filter>
    <TextSymbolizer fill="#fff8f0" halo-fill="#79bd9a" face-name="Komika Hand Italic" size="13" wrap-width="100" wrap-before="true" halo-radius="2" line-spacing="-5" ><![CDATA[[name_en]]]></TextSymbolizer>
  </Rule>
  <Rule>
    <MaxScaleDenominator>6500000</MaxScaleDenominator>
    <MinScaleDenominator>50000</MinScaleDenominator>
    <Filter>([type] != 'Aerodrome') and ([type] != 'Rail Station') and ([scalerank] &lt;= 3) and ([localrank] &lt;= 1) and ([maki] = 'golf')</Filter>
    <TextSymbolizer fill="#fff8f0" halo-fill="#79bd9a" face-name="Komika Hand Italic" size="13" wrap-width="100" wrap-before="true" halo-radius="2" line-spacing="-5" ><![CDATA[[name_en]]]></TextSymbolizer>
  </Rule>
  <Rule>
    <MaxScaleDenominator>50000</MaxScaleDenominator>
    <Filter>([type] != 'Aerodrome') and ([type] != 'Rail Station') and ([scalerank] = 1) and ([localrank] &lt;= 1) and ([maki] = 'park')</Filter>
    <TextSymbolizer fill="#fff8f0" halo-fill="#79bd9a" face-name="Komika Hand Italic" size="13" wrap-width="100" wrap-before="true" halo-radius="2" line-spacing="-5" ><![CDATA[[name_en]]]></TextSymbolizer>
  </Rule>
  <Rule>
    <MaxScaleDenominator>6500000</MaxScaleDenominator>
    <MinScaleDenominator>50000</MinScaleDenominator>
    <Filter>([type] != 'Aerodrome') and ([type] != 'Rail Station') and ([scalerank] = 1) and ([localrank] &lt;= 1) and ([maki] = 'park')</Filter>
    <TextSymbolizer fill="#fff8f0" halo-fill="#79bd9a" face-name="Komika Hand Italic" size="13" wrap-width="100" wrap-before="true" halo-radius="2" line-spacing="-5" ><![CDATA[[name_en]]]></TextSymbolizer>
  </Rule>
  <Rule>
    <MaxScaleDenominator>25000</MaxScaleDenominator>
    <Filter>([type] != 'Aerodrome') and ([type] != 'Rail Station') and ([scalerank] &lt;= 2) and ([localrank] &lt;= 1) and ([maki] = 'park')</Filter>
    <TextSymbolizer fill="#fff8f0" halo-fill="#79bd9a" face-name="Komika Hand Italic" size="13" wrap-width="100" wrap-before="true" halo-radius="2" line-spacing="-5" ><![CDATA[[name_en]]]></TextSymbolizer>
  </Rule>
  <Rule>
    <MaxScaleDenominator>6500000</MaxScaleDenominator>
    <MinScaleDenominator>50000</MinScaleDenominator>
    <Filter>([type] != 'Aerodrome') and ([type] != 'Rail Station') and ([scalerank] &lt;= 2) and ([localrank] &lt;= 1) and ([maki] = 'park')</Filter>
    <TextSymbolizer fill="#fff8f0" halo-fill="#79bd9a" face-name="Komika Hand Italic" size="13" wrap-width="100" wrap-before="true" halo-radius="2" line-spacing="-5" ><![CDATA[[name_en]]]></TextSymbolizer>
  </Rule>
  <Rule>
    <MaxScaleDenominator>12500</MaxScaleDenominator>
    <Filter>([type] != 'Aerodrome') and ([type] != 'Rail Station') and ([scalerank] &lt;= 3) and ([localrank] &lt;= 1) and ([maki] = 'park')</Filter>
    <TextSymbolizer fill="#fff8f0" halo-fill="#79bd9a" face-name="Komika Hand Italic" size="13" wrap-width="100" wrap-before="true" halo-radius="2" line-spacing="-5" ><![CDATA[[name_en]]]></TextSymbolizer>
  </Rule>
  <Rule>
    <MaxScaleDenominator>6500000</MaxScaleDenominator>
    <MinScaleDenominator>50000</MinScaleDenominator>
    <Filter>([type] != 'Aerodrome') and ([type] != 'Rail Station') and ([scalerank] &lt;= 3) and ([localrank] &lt;= 1) and ([maki] = 'park')</Filter>
    <TextSymbolizer fill="#fff8f0" halo-fill="#79bd9a" face-name="Komika Hand Italic" size="13" wrap-width="100" wrap-before="true" halo-radius="2" line-spacing="-5" ><![CDATA[[name_en]]]></TextSymbolizer>
  </Rule>
  <Rule>
    <MaxScaleDenominator>12500</MaxScaleDenominator>
    <Filter>([type] != 'Aerodrome') and ([type] != 'Rail Station') and ([scalerank] &lt;= 3) and ([localrank] &lt;= 1) and ([maki] = 'zoo')</Filter>
    <TextSymbolizer fill="#fff8f0" halo-fill="#79bd9a" face-name="Komika Hand Italic" size="13" wrap-width="100" wrap-before="true" halo-radius="2" line-spacing="-5" ><![CDATA[[name_en]]]></TextSymbolizer>
  </Rule>
  <Rule>
    <MaxScaleDenominator>6500000</MaxScaleDenominator>
    <MinScaleDenominator>50000</MinScaleDenominator>
    <Filter>([type] != 'Aerodrome') and ([type] != 'Rail Station') and ([scalerank] &lt;= 3) and ([localrank] &lt;= 1) and ([maki] = 'zoo')</Filter>
    <TextSymbolizer fill="#fff8f0" halo-fill="#79bd9a" face-name="Komika Hand Italic" size="13" wrap-width="100" wrap-before="true" halo-radius="2" line-spacing="-5" ><![CDATA[[name_en]]]></TextSymbolizer>
  </Rule>
  <Rule>
    <MaxScaleDenominator>5000</MaxScaleDenominator>
    <Filter>([type] != 'Aerodrome') and ([type] != 'Rail Station') and ([scalerank] &lt;= 3) and ([maki] = 'cemetery')</Filter>
    <TextSymbolizer fill="#fff8f0" halo-fill="#79bd9a" face-name="Komika Hand Italic" size="13" wrap-width="100" wrap-before="true" halo-radius="2" line-spacing="-5" ><![CDATA[[name_en]]]></TextSymbolizer>
  </Rule>
  <Rule>
    <MaxScaleDenominator>5000</MaxScaleDenominator>
    <Filter>([type] != 'Aerodrome') and ([type] != 'Rail Station') and ([scalerank] &lt;= 3) and ([maki] = 'golf')</Filter>
    <TextSymbolizer fill="#fff8f0" halo-fill="#79bd9a" face-name="Komika Hand Italic" size="13" wrap-width="100" wrap-before="true" halo-radius="2" line-spacing="-5" ><![CDATA[[name_en]]]></TextSymbolizer>
  </Rule>
  <Rule>
    <MaxScaleDenominator>6500000</MaxScaleDenominator>
    <MinScaleDenominator>50000</MinScaleDenominator>
    <Filter>([type] != 'Aerodrome') and ([type] != 'Rail Station') and ([localrank] &lt;= 1) and ([maki] = 'park')</Filter>
    <TextSymbolizer fill="#fff8f0" halo-fill="#79bd9a" face-name="Komika Hand Italic" size="13" wrap-width="100" wrap-before="true" halo-radius="2" line-spacing="-5" ><![CDATA[[name_en]]]></TextSymbolizer>
  </Rule>
  <Rule>
    <MaxScaleDenominator>5000</MaxScaleDenominator>
    <Filter>([type] != 'Aerodrome') and ([type] != 'Rail Station') and ([scalerank] &lt;= 3) and ([maki] = 'park')</Filter>
    <TextSymbolizer fill="#fff8f0" halo-fill="#79bd9a" face-name="Komika Hand Italic" size="13" wrap-width="100" wrap-before="true" halo-radius="2" line-spacing="-5" ><![CDATA[[name_en]]]></TextSymbolizer>
  </Rule>
  <Rule>
    <MaxScaleDenominator>6500000</MaxScaleDenominator>
    <MinScaleDenominator>50000</MinScaleDenominator>
    <Filter>([type] != 'Aerodrome') and ([type] != 'Rail Station') and ([localrank] &lt;= 1) and ([maki] = 'zoo')</Filter>
    <TextSymbolizer fill="#fff8f0" halo-fill="#79bd9a" face-name="Komika Hand Italic" size="13" wrap-width="100" wrap-before="true" halo-radius="2" line-spacing="-5" ><![CDATA[[name_en]]]></TextSymbolizer>
  </Rule>
  <Rule>
    <MaxScaleDenominator>6500000</MaxScaleDenominator>
    <MinScaleDenominator>50000</MinScaleDenominator>
    <Filter>([type] != 'Aerodrome') and ([type] != 'Rail Station') and ([localrank] &lt;= 1) and ([maki] = 'golf')</Filter>
    <TextSymbolizer fill="#fff8f0" halo-fill="#79bd9a" face-name="Komika Hand Italic" size="13" wrap-width="100" wrap-before="true" halo-radius="2" line-spacing="-5" ><![CDATA[[name_en]]]></TextSymbolizer>
  </Rule>
  <Rule>
    <MaxScaleDenominator>5000</MaxScaleDenominator>
    <Filter>([type] != 'Aerodrome') and ([type] != 'Rail Station') and ([scalerank] &lt;= 3) and ([maki] = 'zoo')</Filter>
    <TextSymbolizer fill="#fff8f0" halo-fill="#79bd9a" face-name="Komika Hand Italic" size="13" wrap-width="100" wrap-before="true" halo-radius="2" line-spacing="-5" ><![CDATA[[name_en]]]></TextSymbolizer>
  </Rule>
  <Rule>
    <MaxScaleDenominator>6500000</MaxScaleDenominator>
    <MinScaleDenominator>50000</MinScaleDenominator>
    <Filter>([type] != 'Aerodrome') and ([type] != 'Rail Station') and ([localrank] &lt;= 1) and ([maki] = 'cemetery')</Filter>
    <TextSymbolizer fill="#fff8f0" halo-fill="#79bd9a" face-name="Komika Hand Italic" size="13" wrap-width="100" wrap-before="true" halo-radius="2" line-spacing="-5" ><![CDATA[[name_en]]]></TextSymbolizer>
  </Rule>
  <Rule>
    <MaxScaleDenominator>50000</MaxScaleDenominator>
    <Filter>([type] != 'Aerodrome') and ([type] != 'Rail Station') and ([scalerank] = 1) and ([localrank] &lt;= 1)</Filter>
    <TextSymbolizer face-name="Komika Hand Italic" fill="#79bd9a" size="13" wrap-width="100" wrap-before="true" halo-fill="#fff8f0" halo-radius="2" line-spacing="-5" ><![CDATA[[name_en]]]></TextSymbolizer>
  </Rule>
  <Rule>
    <MaxScaleDenominator>6500000</MaxScaleDenominator>
    <MinScaleDenominator>50000</MinScaleDenominator>
    <Filter>([type] != 'Aerodrome') and ([type] != 'Rail Station') and ([scalerank] = 1) and ([localrank] &lt;= 1)</Filter>
    <TextSymbolizer face-name="Komika Hand Italic" fill="#79bd9a" size="13" wrap-width="100" wrap-before="true" halo-fill="#fff8f0" halo-radius="2" line-spacing="-5" ><![CDATA[[name_en]]]></TextSymbolizer>
  </Rule>
  <Rule>
    <MaxScaleDenominator>25000</MaxScaleDenominator>
    <Filter>([type] != 'Aerodrome') and ([type] != 'Rail Station') and ([scalerank] &lt;= 2) and ([localrank] &lt;= 1)</Filter>
    <TextSymbolizer face-name="Komika Hand Italic" fill="#79bd9a" size="13" wrap-width="100" wrap-before="true" halo-fill="#fff8f0" halo-radius="2" line-spacing="-5" ><![CDATA[[name_en]]]></TextSymbolizer>
  </Rule>
  <Rule>
    <MaxScaleDenominator>6500000</MaxScaleDenominator>
    <MinScaleDenominator>50000</MinScaleDenominator>
    <Filter>([type] != 'Aerodrome') and ([type] != 'Rail Station') and ([scalerank] &lt;= 2) and ([localrank] &lt;= 1)</Filter>
    <TextSymbolizer face-name="Komika Hand Italic" fill="#79bd9a" size="13" wrap-width="100" wrap-before="true" halo-fill="#fff8f0" halo-radius="2" line-spacing="-5" ><![CDATA[[name_en]]]></TextSymbolizer>
  </Rule>
  <Rule>
    <MaxScaleDenominator>12500</MaxScaleDenominator>
    <Filter>([type] != 'Aerodrome') and ([type] != 'Rail Station') and ([scalerank] &lt;= 3) and ([localrank] &lt;= 1)</Filter>
    <TextSymbolizer face-name="Komika Hand Italic" fill="#79bd9a" size="13" wrap-width="100" wrap-before="true" halo-fill="#fff8f0" halo-radius="2" line-spacing="-5" ><![CDATA[[name_en]]]></TextSymbolizer>
  </Rule>
  <Rule>
    <MaxScaleDenominator>6500000</MaxScaleDenominator>
    <MinScaleDenominator>50000</MinScaleDenominator>
    <Filter>([type] != 'Aerodrome') and ([type] != 'Rail Station') and ([scalerank] &lt;= 3) and ([localrank] &lt;= 1)</Filter>
    <TextSymbolizer face-name="Komika Hand Italic" fill="#79bd9a" size="13" wrap-width="100" wrap-before="true" halo-fill="#fff8f0" halo-radius="2" line-spacing="-5" ><![CDATA[[name_en]]]></TextSymbolizer>
  </Rule>
  <Rule>
    <MaxScaleDenominator>5000</MaxScaleDenominator>
    <Filter>([type] != 'Aerodrome') and ([type] != 'Rail Station') and ([scalerank] &lt;= 3)</Filter>
    <TextSymbolizer face-name="Komika Hand Italic" fill="#79bd9a" size="13" wrap-width="100" wrap-before="true" halo-fill="#fff8f0" halo-radius="2" line-spacing="-5" ><![CDATA[[name_en]]]></TextSymbolizer>
  </Rule>
  <Rule>
    <MaxScaleDenominator>6500000</MaxScaleDenominator>
    <MinScaleDenominator>50000</MinScaleDenominator>
    <Filter>([type] != 'Aerodrome') and ([type] != 'Rail Station') and ([localrank] &lt;= 1)</Filter>
    <TextSymbolizer face-name="Komika Hand Italic" fill="#79bd9a" size="13" wrap-width="100" wrap-before="true" halo-fill="#fff8f0" halo-radius="2" line-spacing="-5" ><![CDATA[[name_en]]]></TextSymbolizer>
  </Rule>
  <Rule>
    <MaxScaleDenominator>100000</MaxScaleDenominator>
    <Filter>([type] = 'Aerodrome') and ([maki] != 'heliport')</Filter>
    <TextSymbolizer size="14" face-name="Komika Title Regular" fill="#0b486b" halo-fill="#fff8f0" wrap-width="160" wrap-before="true" line-spacing="-4" halo-radius="2" ><![CDATA[[name_en]]]></TextSymbolizer>
  </Rule>
  <Rule>
    <MaxScaleDenominator>200000</MaxScaleDenominator>
    <MinScaleDenominator>100000</MinScaleDenominator>
    <Filter>([type] = 'Aerodrome') and ([maki] != 'heliport')</Filter>
    <TextSymbolizer face-name="Komika Title Regular" fill="#0b486b" halo-fill="#fff8f0" wrap-width="160" wrap-before="true" line-spacing="-4" halo-radius="2" size="12" ><![CDATA[[name_en]]]></TextSymbolizer>
  </Rule>
  <Rule>
    <MinScaleDenominator>200000</MinScaleDenominator>
    <Filter>([type] = 'Aerodrome') and ([maki] != 'heliport')</Filter>
    <TextSymbolizer face-name="Komika Title Regular" fill="#0b486b" halo-fill="#fff8f0" wrap-width="160" wrap-before="true" line-spacing="-4" halo-radius="2" size="12" ><![CDATA[[name_en]]]></TextSymbolizer>
  </Rule>
</Style>
<Layer name="poi_label"
  srs="+proj=merc +a=6378137 +b=6378137 +lat_ts=0.0 +lon_0=0.0 +x_0=0.0 +y_0=0.0 +k=1.0 +units=m +nadgrids=@null +wktext +no_defs +over">
    <StyleName>poi_label</StyleName>  </Layer>

<Layer name="road_label"
  srs="+proj=merc +a=6378137 +b=6378137 +lat_ts=0.0 +lon_0=0.0 +x_0=0.0 +y_0=0.0 +k=1.0 +units=m +nadgrids=@null +wktext +no_defs +over">
      </Layer>

<Layer name="waterway_label"
  srs="+proj=merc +a=6378137 +b=6378137 +lat_ts=0.0 +lon_0=0.0 +x_0=0.0 +y_0=0.0 +k=1.0 +units=m +nadgrids=@null +wktext +no_defs +over">
      </Layer>

<Layer name="housenum_label"
  srs="+proj=merc +a=6378137 +b=6378137 +lat_ts=0.0 +lon_0=0.0 +x_0=0.0 +y_0=0.0 +k=1.0 +units=m +nadgrids=@null +wktext +no_defs +over">
      </Layer>

</Map>